-- --------------------------------------------------------
-- 主机:                           192.168.1.100
-- 服务器版本:                        5.5.50-0+deb8u1 - (Raspbian)
-- 服务器操作系统:                      debian-linux-gnu
-- HeidiSQL 版本:                  9.3.0.4984
-- --------------------------------------------------------

/*!40101 SET @OLD_CHARACTER_SET_CLIENT=@@CHARACTER_SET_CLIENT */;
/*!40101 SET NAMES utf8mb4 */;
/*!40014 SET @OLD_FOREIGN_KEY_CHECKS=@@FOREIGN_KEY_CHECKS, FOREIGN_KEY_CHECKS=0 */;
/*!40101 SET @OLD_SQL_MODE=@@SQL_MODE, SQL_MODE='NO_AUTO_VALUE_ON_ZERO' */;

-- 导出 atashopping 的数据库结构
CREATE DATABASE IF NOT EXISTS `atashopping` /*!40100 DEFAULT CHARACTER SET utf8 */;
USE `atashopping`;


-- 导出  表 atashopping.admin 结构
CREATE TABLE IF NOT EXISTS `admin` (
  `username` varchar(50) NOT NULL,
  `password` varchar(50) NOT NULL,
  PRIMARY KEY (`username`)
) ENGINE=InnoDB DEFAULT CHARSET=utf8;

-- 正在导出表  atashopping.admin 的数据：~3 rows (大约)
/*!40000 ALTER TABLE `admin` DISABLE KEYS */;
INSERT INTO `admin` (`username`, `password`) VALUES
	('admin', 'admin'),
	('家家', '123'),
	('玉兰', 'E04');
/*!40000 ALTER TABLE `admin` ENABLE KEYS */;


-- 导出  表 atashopping.bank 结构
CREATE TABLE IF NOT EXISTS `bank` (
  `cardname` varchar(50) NOT NULL,
  `password` varchar(50) NOT NULL,
  `money` double(20,3) DEFAULT NULL,
  PRIMARY KEY (`cardname`)
) ENGINE=InnoDB DEFAULT CHARSET=utf8;

-- 正在导出表  atashopping.bank 的数据：~2 rows (大约)
/*!40000 ALTER TABLE `bank` DISABLE KEYS */;
INSERT INTO `bank` (`cardname`, `password`, `money`) VALUES
	('admin', 'admin', 999429999.000),
	('aliqi', '766', 789.000);
/*!40000 ALTER TABLE `bank` ENABLE KEYS */;


-- 导出  表 atashopping.moneylog 结构
CREATE TABLE IF NOT EXISTS `moneylog` (
  `logid` varchar(50) NOT NULL,
  `username` varchar(50) NOT NULL,
  `money` double(15,3) DEFAULT NULL,
  `time` varchar(50) DEFAULT NULL,
  PRIMARY KEY (`logid`)
) ENGINE=InnoDB DEFAULT CHARSET=utf8;

-- 正在导出表  atashopping.moneylog 的数据：~52 rows (大约)
/*!40000 ALTER TABLE `moneylog` DISABLE KEYS */;
INSERT INTO `moneylog` (`logid`, `username`, `money`, `time`) VALUES
	('L1201429269734', '用户1', 10000.000, '2008年01月27日06时21分09秒 '),
	('L1201429270484', '用户2', 10000.000, '2008年01月27日06时21分10秒 '),
	('L1201429270656', '用户3', 10000.000, '2008年01月27日06时21分10秒 '),
	('L1201429270796', '用户4', 10000.000, '2008年01月27日06时21分10秒 '),
	('L1201429270937', '用户5', 10000.000, '2008年01月27日06时21分10秒 '),
	('L1201429271062', '用户6', 10000.000, '2008年01月27日06时21分11秒 '),
	('L1201429271187', '用户7', 10000.000, '2008年01月27日06时21分11秒 '),
	('L1201429271328', '用户8', 10000.000, '2008年01月27日06时21分11秒 '),
	('L1201429271453', '用户9', 10000.000, '2008年01月27日06时21分11秒 '),
	('L1201429271562', '用户10', 10000.000, '2008年01月27日06时21分11秒 '),
	('L1201429271703', '用户11', 10000.000, '2008年01月27日06时21分11秒 '),
	('L1201429271812', '用户12', 10000.000, '2008年01月27日06时21分11秒 '),
	('L1201429272015', '用户13', 10000.000, '2008年01月27日06时21分12秒 '),
	('L1201429272140', '用户14', 10000.000, '2008年01月27日06时21分12秒 '),
	('L1201429272265', '用户15', 10000.000, '2008年01月27日06时21分12秒 '),
	('L1201429272375', '用户16', 10000.000, '2008年01月27日06时21分12秒 '),
	('L1201429272515', '用户17', 10000.000, '2008年01月27日06时21分12秒 '),
	('L1201429272640', '用户18', 10000.000, '2008年01月27日06时21分12秒 '),
	('L1201429272765', '用户19', 10000.000, '2008年01月27日06时21分12秒 '),
	('L1201429272906', '用户20', 10000.000, '2008年01月27日06时21分12秒 '),
	('L1201429273046', '用户21', 10000.000, '2008年01月27日06时21分13秒 '),
	('L1201429273156', '用户22', 10000.000, '2008年01月27日06时21分13秒 '),
	('L1201429273281', '用户23', 10000.000, '2008年01月27日06时21分13秒 '),
	('L1201429273406', '用户24', 10000.000, '2008年01月27日06时21分13秒 '),
	('L1201429273531', '用户25', 10000.000, '2008年01月27日06时21分13秒 '),
	('L1201429273640', '用户26', 10000.000, '2008年01月27日06时21分13秒 '),
	('L1201429273765', '用户27', 10000.000, '2008年01月27日06时21分13秒 '),
	('L1201429273890', '用户28', 10000.000, '2008年01月27日06时21分13秒 '),
	('L1201429274078', '用户29', 10000.000, '2008年01月27日06时21分14秒 '),
	('L1201429274203', '用户30', 10000.000, '2008年01月27日06时21分14秒 '),
	('L1201429274296', '用户31', 10000.000, '2008年01月27日06时21分14秒 '),
	('L1201429274421', '用户32', 10000.000, '2008年01月27日06时21分14秒 '),
	('L1201429274531', '用户33', 10000.000, '2008年01月27日06时21分14秒 '),
	('L1201429274640', '用户34', 10000.000, '2008年01月27日06时21分14秒 '),
	('L1201429274765', '用户35', 10000.000, '2008年01月27日06时21分14秒 '),
	('L1201429274875', '用户36', 10000.000, '2008年01月27日06时21分14秒 '),
	('L1201429275031', '用户37', 10000.000, '2008年01月27日06时21分15秒 '),
	('L1201429275140', '用户38', 10000.000, '2008年01月27日06时21分15秒 '),
	('L1201429275281', '用户39', 10000.000, '2008年01月27日06时21分15秒 '),
	('L1201429275406', '用户40', 10000.000, '2008年01月27日06时21分15秒 '),
	('L1201429275500', '用户41', 10000.000, '2008年01月27日06时21分15秒 '),
	('L1201429275609', '用户42', 10000.000, '2008年01月27日06时21分15秒 '),
	('L1201429275718', '用户43', 10000.000, '2008年01月27日06时21分15秒 '),
	('L1201429275859', '用户44', 10000.000, '2008年01月27日06时21分15秒 '),
	('L1201429275984', '用户45', 10000.000, '2008年01月27日06时21分15秒 '),
	('L1201429276125', '用户46', 10000.000, '2008年01月27日06时21分16秒 '),
	('L1201429276234', '用户47', 10000.000, '2008年01月27日06时21分16秒 '),
	('L1201429276343', '用户48', 10000.000, '2008年01月27日06时21分16秒 '),
	('L1201429276453', '用户49', 10000.000, '2008年01月27日06时21分16秒 '),
	('L1201533883093', 'ataata', 20000.000, '2008年01月28日11时24分43秒 '),
	('L1201576219578', 'java123', 20000.000, '2008年01月29日11时10分19秒 '),
	('L1201577538484', 'javaek', 40000.000, '2008年01月29日11时32分18秒 ');
/*!40000 ALTER TABLE `moneylog` ENABLE KEYS */;


-- 导出  表 atashopping.product 结构
CREATE TABLE IF NOT EXISTS `product` (
  `pid` varchar(50) NOT NULL,
  `pname` varchar(255) NOT NULL,
  `price` double(15,3) NOT NULL,
  `pcount` int(11) DEFAULT NULL,
  `imgpath` varchar(255) DEFAULT NULL,
  PRIMARY KEY (`pid`)
) ENGINE=InnoDB DEFAULT CHARSET=utf8;

-- 正在导出表  atashopping.product 的数据：~17 rows (大约)
/*!40000 ALTER TABLE `product` DISABLE KEYS */;
INSERT INTO `product` (`pid`, `pname`, `price`, `pcount`, `imgpath`) VALUES
	('P1201540144093', '望远镜', 123.000, 195, 'http://localhost:8080/atashopping/images/pic08b.jpg'),
	('P1201540170171', 'MOTOL6', 1900.000, 200, 'http://localhost:8080/atashopping/images/pic09b.jpg'),
	('P1201573121015', 'sony mp3', 3000.000, 2311, 'http://localhost:8080/atashopping/images/pic50b.jpg'),
	('P1201573156843', '铁三角耳机', 1800.000, 50, 'http://localhost:8080/atashopping/images/pic49b.jpg'),
	('P1201573225765', 'aigo MP3', 1500.000, 50, 'http://localhost:8080/atashopping/images/pic48b.jpg'),
	('P1201573257046', 'HP 笔记本', 5500.000, 23, 'http://localhost:8080/atashopping/images/pic47b.jpg'),
	('P1201573308484', 'SONY TX16', 9800.000, 50, 'http://localhost:8080/atashopping/images/pic45b.jpg'),
	('P1201573363671', '联想笔记本', 7600.000, 1110, 'http://localhost:8080/atashopping/images/pic44b.jpg'),
	('P1201573406609', 'NEC笔记本', 7800.000, 230, 'http://localhost:8080/atashopping/images/pic43b.jpg'),
	('P1201573436734', 'IBM R52笔记本', 7700.000, 55, 'http://localhost:8080/atashopping/images/pic42b.jpg'),
	('P1201573464765', '手机链', 10.000, 1000, 'http://localhost:8080/atashopping/images/pic41b.jpg'),
	('P1201573492875', '爱国者U盘', 400.000, 500, 'http://localhost:8080/atashopping/images/pic40b.jpg'),
	('P1201573895484', '爱国者UX盘', 1234.000, 345, 'http://localhost:8080/atashopping/images/pic39b.jpg'),
	('P1201573922156', 'sony 耳机', 234.000, 341, 'http://localhost:8080/atashopping/images/pic38b.jpg'),
	('P1201573959250', 'wd80G硬盘', 400.000, 25, 'http://localhost:8080/atashopping/images/pic37b.jpg'),
	('P1201573997765', 'Kingston内存条', 400.000, 45, 'http://localhost:8080/atashopping/images/pic35b.jpg'),
	('P1201577704015', '闹钟', 40.000, 299, 'http://localhost:8080/atashopping/images/pic21b.jpg');
/*!40000 ALTER TABLE `product` ENABLE KEYS */;


-- 导出  表 atashopping.user 结构
CREATE TABLE IF NOT EXISTS `user` (
  `username` varchar(50) NOT NULL,
  `password` varchar(50) NOT NULL,
  `email` varchar(50) NOT NULL,
  `tel` varchar(50) DEFAULT NULL,
  `address` varchar(50) DEFAULT NULL,
  `sex` varchar(20) DEFAULT NULL,
  `age` int(11) DEFAULT NULL,
  `regtime` varchar(50) DEFAULT NULL,
  PRIMARY KEY (`username`)
) ENGINE=InnoDB DEFAULT CHARSET=utf8;

-- 正在导出表  atashopping.user 的数据：~103 rows (大约)
/*!40000 ALTER TABLE `user` DISABLE KEYS */;
INSERT INTO `user` (`username`, `password`, `email`, `tel`, `address`, `sex`, `age`, `regtime`) VALUES
	('ataata', '234567', 'teamochen@126.com', '13951652604', '无锡100', '男', 21, '2008年01月28日11时20分59秒 '),
	('java123', '123456', 'teamochen@126.com', '13951652603', '无锡', '男', 21, '2008年01月29日11时08分46秒 '),
	('javaek', '123456', 'teamochen@126.com', '13951652603', '无锡ata', '男', 10, '2008年01月29日11时31分41秒 '),
	('xiaoxiao', '1234567', '123456@qq.com', '13536987412', '广东深圳', '女', 9, '2016年09月12日07时57分56秒 '),
	('youyouoo', 'justdoit', '124576@qq.com', '13645678963', '四川成都', '女', 10, '2016年09月12日09时46分34秒 '),
	('新用户1', '123', 'ata1@126.com', '1395165261', '无锡太湖大道1号', '男', 1, '2016年09月09日07时06分14秒 '),
	('新用户10', '123', 'ata10@126.com', '13951652610', '无锡太湖大道10号', '女', 10, '2016年09月09日07时06分15秒 '),
	('新用户11', '123', 'ata11@126.com', '13951652611', '无锡太湖大道11号', '男', 11, '2016年09月09日07时06分15秒 '),
	('新用户12', '123', 'ata12@126.com', '13951652612', '无锡太湖大道12号', '女', 12, '2016年09月09日07时06分15秒 '),
	('新用户13', '123', 'ata13@126.com', '13951652613', '无锡太湖大道13号', '男', 13, '2016年09月09日07时06分15秒 '),
	('新用户14', '123', 'ata14@126.com', '13951652614', '无锡太湖大道14号', '女', 14, '2016年09月09日07时06分15秒 '),
	('新用户15', '123', 'ata15@126.com', '13951652615', '无锡太湖大道15号', '男', 15, '2016年09月09日07时06分16秒 '),
	('新用户16', '123', 'ata16@126.com', '13951652616', '无锡太湖大道16号', '女', 16, '2016年09月09日07时06分16秒 '),
	('新用户17', '123', 'ata17@126.com', '13951652617', '无锡太湖大道17号', '男', 17, '2016年09月09日07时06分16秒 '),
	('新用户18', '123', 'ata18@126.com', '13951652618', '无锡太湖大道18号', '女', 18, '2016年09月09日07时06分16秒 '),
	('新用户19', '123', 'ata19@126.com', '13951652619', '无锡太湖大道19号', '男', 19, '2016年09月09日07时06分16秒 '),
	('新用户2', '123', 'ata2@126.com', '1395165262', '无锡太湖大道2号', '女', 2, '2016年09月09日07时06分15秒 '),
	('新用户20', '123', 'ata20@126.com', '13951652620', '无锡太湖大道20号', '女', 20, '2016年09月09日07时06分16秒 '),
	('新用户21', '123', 'ata21@126.com', '13951652621', '无锡太湖大道21号', '男', 21, '2016年09月09日07时06分17秒 '),
	('新用户22', '123', 'ata22@126.com', '13951652622', '无锡太湖大道22号', '女', 22, '2016年09月09日07时06分17秒 '),
	('新用户23', '123', 'ata23@126.com', '13951652623', '无锡太湖大道23号', '男', 23, '2016年09月09日07时06分18秒 '),
	('新用户24', '123', 'ata24@126.com', '13951652624', '无锡太湖大道24号', '女', 24, '2016年09月09日07时06分18秒 '),
	('新用户25', '123', 'ata25@126.com', '13951652625', '无锡太湖大道25号', '男', 25, '2016年09月09日07时06分19秒 '),
	('新用户26', '123', 'ata26@126.com', '13951652626', '无锡太湖大道26号', '女', 26, '2016年09月09日07时06分19秒 '),
	('新用户27', '123', 'ata27@126.com', '13951652627', '无锡太湖大道27号', '男', 27, '2016年09月09日07时06分19秒 '),
	('新用户28', '123', 'ata28@126.com', '13951652628', '无锡太湖大道28号', '女', 28, '2016年09月09日07时06分20秒 '),
	('新用户29', '123', 'ata29@126.com', '13951652629', '无锡太湖大道29号', '男', 29, '2016年09月09日07时06分20秒 '),
	('新用户3', '123', 'ata3@126.com', '1395165263', '无锡太湖大道3号', '男', 3, '2016年09月09日07时06分15秒 '),
	('新用户30', '123', 'ata30@126.com', '13951652630', '无锡太湖大道30号', '女', 30, '2016年09月09日07时06分21秒 '),
	('新用户31', '123', 'ata31@126.com', '13951652631', '无锡太湖大道31号', '男', 31, '2016年09月09日07时06分21秒 '),
	('新用户32', '123', 'ata32@126.com', '13951652632', '无锡太湖大道32号', '女', 32, '2016年09月09日07时06分22秒 '),
	('新用户33', '123', 'ata33@126.com', '13951652633', '无锡太湖大道33号', '男', 33, '2016年09月09日07时06分22秒 '),
	('新用户34', '123', 'ata34@126.com', '13951652634', '无锡太湖大道34号', '女', 34, '2016年09月09日07时06分22秒 '),
	('新用户35', '123', 'ata35@126.com', '13951652635', '无锡太湖大道35号', '男', 35, '2016年09月09日07时06分23秒 '),
	('新用户36', '123', 'ata36@126.com', '13951652636', '无锡太湖大道36号', '女', 36, '2016年09月09日07时06分23秒 '),
	('新用户37', '123', 'ata37@126.com', '13951652637', '无锡太湖大道37号', '男', 37, '2016年09月09日07时06分23秒 '),
	('新用户38', '123', 'ata38@126.com', '13951652638', '无锡太湖大道38号', '女', 38, '2016年09月09日07时06分23秒 '),
	('新用户39', '123', 'ata39@126.com', '13951652639', '无锡太湖大道39号', '男', 39, '2016年09月09日07时06分23秒 '),
	('新用户4', '123', 'ata4@126.com', '1395165264', '无锡太湖大道4号', '女', 4, '2016年09月09日07时06分15秒 '),
	('新用户40', '123', 'ata40@126.com', '13951652640', '无锡太湖大道40号', '女', 40, '2016年09月09日07时06分23秒 '),
	('新用户41', '123', 'ata41@126.com', '13951652641', '无锡太湖大道41号', '男', 41, '2016年09月09日07时06分23秒 '),
	('新用户42', '123', 'ata42@126.com', '13951652642', '无锡太湖大道42号', '女', 42, '2016年09月09日07时06分23秒 '),
	('新用户43', '123', 'ata43@126.com', '13951652643', '无锡太湖大道43号', '男', 43, '2016年09月09日07时06分23秒 '),
	('新用户44', '123', 'ata44@126.com', '13951652644', '无锡太湖大道44号', '女', 44, '2016年09月09日07时06分24秒 '),
	('新用户45', '123', 'ata45@126.com', '13951652645', '无锡太湖大道45号', '男', 45, '2016年09月09日07时06分24秒 '),
	('新用户46', '123', 'ata46@126.com', '13951652646', '无锡太湖大道46号', '女', 46, '2016年09月09日07时06分24秒 '),
	('新用户47', '123', 'ata47@126.com', '13951652647', '无锡太湖大道47号', '男', 47, '2016年09月09日07时06分24秒 '),
	('新用户48', '123', 'ata48@126.com', '13951652648', '无锡太湖大道48号', '女', 48, '2016年09月09日07时06分24秒 '),
	('新用户49', '123', 'ata49@126.com', '13951652649', '无锡太湖大道49号', '男', 49, '2016年09月09日07时06分24秒 '),
	('新用户5', '123', 'ata5@126.com', '1395165265', '无锡太湖大道5号', '男', 5, '2016年09月09日07时06分15秒 '),
	('新用户6', '123', 'ata6@126.com', '1395165266', '无锡太湖大道6号', '女', 6, '2016年09月09日07时06分15秒 '),
	('新用户7', '123', 'ata7@126.com', '1395165267', '无锡太湖大道7号', '男', 7, '2016年09月09日07时06分15秒 '),
	('新用户8', '123', 'ata8@126.com', '1395165268', '无锡太湖大道8号', '女', 8, '2016年09月09日07时06分15秒 '),
	('新用户9', '123', 'ata9@126.com', '1395165269', '无锡太湖大道9号', '男', 9, '2016年09月09日07时06分15秒 '),
	('用户1', '123', 'ata1@126.com', '1395165261', '无锡太湖大道1号', '男', 1, '2016年09月09日07时05分22秒 '),
	('用户10', '123', 'ata10@126.com', '13951652610', '无锡太湖大道10号', '女', 10, '2016年09月09日07时05分23秒 '),
	('用户11', '123', 'ata11@126.com', '13951652611', '无锡太湖大道11号', '男', 11, '2016年09月09日07时05分23秒 '),
	('用户12', '123', 'ata12@126.com', '13951652612', '无锡太湖大道12号', '女', 12, '2016年09月09日07时05分23秒 '),
	('用户13', '123', 'ata13@126.com', '13951652613', '无锡太湖大道13号', '男', 13, '2016年09月09日07时05分23秒 '),
	('用户14', '123', 'ata14@126.com', '13951652614', '无锡太湖大道14号', '女', 14, '2016年09月09日07时05分23秒 '),
	('用户15', '123', 'ata15@126.com', '13951652615', '无锡太湖大道15号', '男', 15, '2016年09月09日07时05分23秒 '),
	('用户16', '123', 'ata16@126.com', '13951652616', '无锡太湖大道16号', '女', 16, '2016年09月09日07时05分23秒 '),
	('用户17', '123', 'ata17@126.com', '13951652617', '无锡太湖大道17号', '男', 17, '2008年01月27日06时15分57秒'),
	('用户18', '123', 'ata18@126.com', '13951652618', '无锡太湖大道18号', '女', 18, '2008年01月27日06时15分57秒'),
	('用户19', '123', 'ata19@126.com', '13951652619', '无锡太湖大道19号', '男', 19, '2016年09月09日07时05分23秒 '),
	('用户2', '123', 'ata2@126.com', '1395165262', '无锡太湖大道2号', '女', 2, '2016年09月09日07时05分22秒 '),
	('用户20', '123', 'ata20@126.com', '13951652620', '无锡太湖大道20号', '女', 20, '2016年09月09日07时05分23秒 '),
	('用户21', '123', 'ata21@126.com', '13951652621', '无锡太湖大道21号', '男', 21, '2016年09月09日07时05分23秒 '),
	('用户22', '123', 'ata22@126.com', '13951652622', '无锡太湖大道22号', '女', 22, '2016年09月09日07时05分23秒 '),
	('用户23', '123', 'ata23@126.com', '13951652623', '无锡太湖大道23号', '男', 23, '2016年09月09日07时05分24秒 '),
	('用户24', '123', 'ata24@126.com', '13951652624', '无锡太湖大道24号', '女', 24, '2016年09月09日07时05分24秒 '),
	('用户25', '123', 'ata25@126.com', '13951652625', '无锡太湖大道25号', '男', 25, '2016年09月09日07时05分24秒 '),
	('用户26', '123', 'ata26@126.com', '13951652626', '无锡太湖大道26号', '女', 26, '2016年09月09日07时05分24秒 '),
	('用户27', '123', 'ata27@126.com', '13951652627', '无锡太湖大道27号', '男', 27, '2016年09月09日07时05分24秒 '),
	('用户28', '123', 'ata28@126.com', '13951652628', '无锡太湖大道28号', '女', 28, '2008年01月27日06时15分58秒'),
	('用户29', '123', 'ata29@126.com', '13951652629', '无锡太湖大道29号', '男', 29, '2016年09月09日07时05分24秒 '),
	('用户3', '123', 'ata3@126.com', '1395165263', '无锡太湖大道3号', '男', 3, '2016年09月09日07时05分23秒 '),
	('用户30', '123', 'ata30@126.com', '13951652630', '无锡太湖大道30号', '女', 30, '2016年09月09日07时05分24秒 '),
	('用户31', '123', 'ata31@126.com', '13951652631', '无锡太湖大道31号', '男', 31, '2008年01月27日06时15分58秒'),
	('用户32', '123', 'ata32@126.com', '13951652632', '无锡太湖大道32号', '女', 32, '2008年01月27日06时15分58秒'),
	('用户33', '123', 'ata33@126.com', '13951652633', '无锡太湖大道33号', '男', 33, '2016年09月09日07时05分24秒 '),
	('用户34', '123', 'ata34@126.com', '13951652634', '无锡太湖大道34号', '女', 34, '2016年09月09日07时05分24秒 '),
	('用户35', '123', 'ata35@126.com', '13951652635', '无锡太湖大道35号', '男', 35, '2016年09月09日07时05分24秒 '),
	('用户36', '123', 'ata36@126.com', '13951652636', '无锡太湖大道36号', '女', 36, '2016年09月09日07时05分24秒 '),
	('用户37', '123', 'ata37@126.com', '13951652637', '无锡太湖大道37号', '男', 37, '2008年01月27日06时15分59秒'),
	('用户38', '123', 'ata38@126.com', '13951652638', '无锡太湖大道38号', '女', 38, '2016年09月09日07时05分24秒 '),
	('用户39', '123', 'ata39@126.com', '13951652639', '无锡太湖大道39号', '男', 39, '2008年01月27日06时15分59秒'),
	('用户4', '123', 'ata4@126.com', '1395165264', '无锡太湖大道4号', '女', 4, '2016年09月09日07时05分23秒 '),
	('用户40', '123', 'ata40@126.com', '13951652640', '无锡太湖大道40号', '女', 40, '2016年09月09日07时05分24秒 '),
	('用户41', '123', 'ata41@126.com', '13951652641', '无锡太湖大道41号', '男', 41, '2016年09月09日07时05分24秒 '),
	('用户42', '123', 'ata42@126.com', '13951652642', '无锡太湖大道42号', '女', 42, '2008年01月27日06时15分59秒'),
	('用户43', '123', 'ata43@126.com', '13951652643', '无锡太湖大道43号', '男', 43, '2008年01月27日06时15分59秒'),
	('用户44', '123', 'ata44@126.com', '13951652644', '无锡太湖大道44号', '女', 44, '2008年01月27日06时15分59秒'),
	('用户45', '123', 'ata45@126.com', '13951652645', '无锡太湖大道45号', '男', 45, '2008年01月27日06时15分59秒'),
	('用户46', '123', 'ata46@126.com', '13951652646', '无锡太湖大道46号', '女', 46, '2016年09月09日07时05分24秒 '),
	('用户47', '123', 'ata47@126.com', '13951652647', '无锡太湖大道47号', '男', 47, '2016年09月09日07时05分24秒 '),
	('用户48', '123', 'ata48@126.com', '13951652648', '无锡太湖大道48号', '女', 48, '2016年09月09日07时05分25秒 '),
	('用户49', '123', 'ata49@126.com', '13951652649', '无锡太湖大道49号', '男', 49, '2016年09月09日07时05分25秒 '),
	('用户5', '123', 'ata5@126.com', '1395165265', '无锡太湖大道5号', '男', 5, '2008年01月27日06时15分56秒'),
	('用户6', '123', 'ata6@126.com', '1395165266', '无锡太湖大道6号', '女', 6, '2008年01月27日06时15分56秒'),
	('用户7', '123', 'ata7@126.com', '1395165267', '无锡太湖大道7号', '男', 7, '2008年01月27日06时15分56秒'),
	('用户8', '123', 'ata8@126.com', '1395165268', '无锡太湖大道8号', '女', 8, '2008年01月27日06时15分57秒'),
	('用户9', '123', 'ata9@126.com', '1395165269', '无锡太湖大道9号', '男', 9, '2016年09月09日07时05分23秒 ');
/*!40000 ALTER TABLE `user` ENABLE KEYS */;


-- 导出  表 atashopping.useraccount 结构
CREATE TABLE IF NOT EXISTS `useraccount` (
  `username` varchar(50) NOT NULL,
  `money` double(15,3) DEFAULT NULL,
  PRIMARY KEY (`username`)
) ENGINE=InnoDB DEFAULT CHARSET=utf8;

-- 正在导出表  atashopping.useraccount 的数据：~103 rows (大约)
/*!40000 ALTER TABLE `useraccount` DISABLE KEYS */;
INSERT INTO `useraccount` (`username`, `money`) VALUES
	('ataata', 18627.000),
	('java123', 15698.000),
	('javaek', 37366.000),
	('xiaoxiao', 0.000),
	('youyouoo', 0.000),
	('新用户1', 0.000),
	('新用户10', 0.000),
	('新用户11', 0.000),
	('新用户12', 0.000),
	('新用户13', 0.000),
	('新用户14', 0.000),
	('新用户15', 0.000),
	('新用户16', 0.000),
	('新用户17', 0.000),
	('新用户18', 0.000),
	('新用户19', 0.000),
	('新用户2', 0.000),
	('新用户20', 0.000),
	('新用户21', 0.000),
	('新用户22', 0.000),
	('新用户23', 0.000),
	('新用户24', 0.000),
	('新用户25', 0.000),
	('新用户26', 0.000),
	('新用户27', 0.000),
	('新用户28', 0.000),
	('新用户29', 0.000),
	('新用户3', 0.000),
	('新用户30', 0.000),
	('新用户31', 0.000),
	('新用户32', 0.000),
	('新用户33', 0.000),
	('新用户34', 0.000),
	('新用户35', 0.000),
	('新用户36', 0.000),
	('新用户37', 0.000),
	('新用户38', 0.000),
	('新用户39', 0.000),
	('新用户4', 0.000),
	('新用户40', 0.000),
	('新用户41', 0.000),
	('新用户42', 0.000),
	('新用户43', 0.000),
	('新用户44', 0.000),
	('新用户45', 0.000),
	('新用户46', 0.000),
	('新用户47', 0.000),
	('新用户48', 0.000),
	('新用户49', 0.000),
	('新用户5', 0.000),
	('新用户6', 0.000),
	('新用户7', 0.000),
	('新用户8', 0.000),
	('新用户9', 0.000),
	('用户1', 0.000),
	('用户10', 0.000),
	('用户11', 0.000),
	('用户12', 0.000),
	('用户13', 0.000),
	('用户14', 0.000),
	('用户15', 0.000),
	('用户16', 0.000),
	('用户17', 10000.000),
	('用户18', 10000.000),
	('用户19', 10000.000),
	('用户2', 10000.000),
	('用户20', 10000.000),
	('用户21', 10000.000),
	('用户22', 10000.000),
	('用户23', 10000.000),
	('用户24', 10000.000),
	('用户25', 10000.000),
	('用户26', 10000.000),
	('用户27', 10000.000),
	('用户28', 10000.000),
	('用户29', 10000.000),
	('用户3', 10000.000),
	('用户30', 10000.000),
	('用户31', 10000.000),
	('用户32', 10000.000),
	('用户33', 10000.000),
	('用户34', 10000.000),
	('用户35', 10000.000),
	('用户36', 10000.000),
	('用户37', 10000.000),
	('用户38', 0.000),
	('用户39', 10000.000),
	('用户4', 0.000),
	('用户40', 10000.000),
	('用户41', 10000.000),
	('用户42', 10000.000),
	('用户43', 10000.000),
	('用户44', 10000.000),
	('用户45', 10000.000),
	('用户46', 10000.000),
	('用户47', 10000.000),
	('用户48', 10000.000),
	('用户49', 10000.000),
	('用户5', 10000.000),
	('用户6', 10000.000),
	('用户7', 10000.000),
	('用户8', 10000.000),
	('用户9', 10000.000);
/*!40000 ALTER TABLE `useraccount` ENABLE KEYS */;


-- 导出  表 atashopping.userform 结构
CREATE TABLE IF NOT EXISTS `userform` (
  `id` int(11) NOT NULL AUTO_INCREMENT,
  `fid` varchar(50) NOT NULL,
  `username` varchar(50) NOT NULL,
  `pname` varchar(50) NOT NULL,
  `proprice` double(15,3) DEFAULT NULL,
  `count` int(11) DEFAULT NULL,
  `time` varchar(50) DEFAULT NULL,
  `summoney` double(15,3) DEFAULT NULL,
  PRIMARY KEY (`id`),
  UNIQUE KEY `id` (`id`)
) ENGINE=InnoDB AUTO_INCREMENT=33 DEFAULT CHARSET=utf8;

-- 正在导出表  atashopping.userform 的数据：~32 rows (大约)
/*!40000 ALTER TABLE `userform` DISABLE KEYS */;
INSERT INTO `userform` (`id`, `fid`, `username`, `pname`, `proprice`, `count`, `time`, `summoney`) VALUES
	(1, 'F1201546375203', 'ataata', '手表', 50.000, 1, '2008年01月29日02时52分55秒 ', 50.000),
	(2, 'F1201546482875', 'ataata', '望远镜', 123.000, 1, '2008年01月29日02时54分42秒 ', 123.000),
	(3, 'F1201546636015', 'ataata', '望远镜', 123.000, 1, '2008年01月29日02时57分16秒 ', 123.000),
	(4, 'F1201546790984', 'ataata', '望远镜', 123.000, 1, '2008年01月29日02时59分50秒 ', 123.000),
	(5, 'F1201546843765', 'ataata', '望远镜', 123.000, 1, '2008年01月29日03时00分43秒 ', 123.000),
	(6, 'F1201546962312', 'ataata', '手表', 50.000, 1, '2008年01月29日03时02分42秒 ', 50.000),
	(7, 'F1201547062296', 'ataata', '望远镜', 123.000, 1, '2008年01月29日03时04分22秒 ', 123.000),
	(8, 'F1201547123718', 'ataata', '手表', 50.000, 1, '2008年01月29日03时05分23秒 ', 50.000),
	(9, 'F1201568244890', 'ataata', '小车', 234.000, 1, '2008年01月29日08时57分24秒 ', 234.000),
	(10, 'F1201568285921', 'ataata', '手表', 50.000, 1, '2008年01月29日08时58分05秒 ', 50.000),
	(11, 'F1201569206796', 'ataata', '小车', 234.000, 1, '2008年01月29日09时13分26秒 ', 234.000),
	(12, 'F1201569206796', 'ataata', '手表', 50.000, 1, '2008年01月29日09时13分26秒 ', 50.000),
	(13, 'F1201576249156', 'java123', 'Kingston内存条', 400.000, 1, '2008年01月29日11时10分49秒 ', 400.000),
	(14, 'F1201576249156', 'java123', 'wd80G硬盘', 400.000, 1, '2008年01月29日11时10分49秒 ', 400.000),
	(15, 'F1201576249156', 'java123', 'sony 耳机', 234.000, 1, '2008年01月29日11时10分49秒 ', 234.000),
	(16, 'F1201576506593', 'java123', 'Kingston内存条', 400.000, 1, '2008年01月29日11时15分06秒 ', 400.000),
	(17, 'F1201576506593', 'java123', 'wd80G硬盘', 400.000, 1, '2008年01月29日11时15分06秒 ', 400.000),
	(18, 'F1201576506593', 'java123', 'sony 耳机', 234.000, 1, '2008年01月29日11时15分06秒 ', 234.000),
	(19, 'F1201576506593', 'java123', 'Kingston内存条', 400.000, 1, '2008年01月29日11时15分06秒 ', 400.000),
	(20, 'F1201576540953', 'java123', 'Kingston内存条', 400.000, 1, '2008年01月29日11时15分40秒 ', 400.000),
	(21, 'F1201576540953', 'java123', 'wd80G硬盘', 400.000, 1, '2008年01月29日11时15分40秒 ', 400.000),
	(22, 'F1201576540953', 'java123', 'sony 耳机', 234.000, 1, '2008年01月29日11时15分40秒 ', 234.000),
	(23, 'F1201576540953', 'java123', 'Kingston内存条', 400.000, 1, '2008年01月29日11时15分40秒 ', 400.000),
	(24, 'F1201576540953', 'java123', 'Kingston内存条', 400.000, 1, '2008年01月29日11时15分40秒 ', 400.000),
	(25, 'F1201577593390', 'javaek', 'Kingston内存条', 400.000, 1, '2008年01月29日11时33分13秒 ', 400.000),
	(26, 'F1201577593390', 'javaek', 'wd80G硬盘', 400.000, 1, '2008年01月29日11时33分13秒 ', 400.000),
	(27, 'F1201577593390', 'javaek', 'sony 耳机', 234.000, 1, '2008年01月29日11时33分13秒 ', 234.000),
	(28, 'F1201577593390', 'javaek', 'Kingston内存条', 400.000, 1, '2008年01月29日11时33分13秒 ', 400.000),
	(29, 'F1201577593390', 'javaek', 'Kingston内存条', 400.000, 1, '2008年01月29日11时33分13秒 ', 400.000),
	(30, 'F1201577593390', 'javaek', 'wd80G硬盘', 400.000, 1, '2008年01月29日11时33分13秒 ', 400.000),
	(31, 'F1201577593390', 'javaek', 'Kingston内存条', 400.000, 1, '2008年01月29日11时33分13秒 ', 400.000),
	(32, 'F1473648016732', 'ataata', '闹钟', 40.000, 1, '2016年09月12日06时40分16秒 ', 40.000);
/*!40000 ALTER TABLE `userform` ENABLE KEYS */;
/*!40101 SET SQL_MODE=IFNULL(@OLD_SQL_MODE, '') */;
/*!40014 SET FOREIGN_KEY_CHECKS=IF(@OLD_FOREIGN_KEY_CHECKS IS NULL, 1, @OLD_FOREIGN_KEY_CHECKS) */;
/*!40101 SET CHARACTER_SET_CLIENT=@OLD_CHARACTER_SET_CLIENT */;
